03/07/2000,554.79,560.69,554.79,557.53,0,20
04/07/2000,559.63,564.12,559.63,560.82,0,20
05/07/2000,560.82,568.76,560.57,565.56,0,20
06/07/2000,564.24,564.24,560.04,562.64,0,20
09/07/2000,562.64,567.7,548.52,550.71,0,20
10/07/2000,550.44,550.44,544.1,545.96,0,20
11/07/2000,545.96,551.5,543.82,545.04,0,20
12/07/2000,549.01,556.85,549.01,555.22,0,20
13/07/2000,555.22,559.97,554.36,558.96,0,20
16/07/2000,558.96,561.99,554.52,555.87,0,20
17/07/2000,555.57,555.57,552.07,554.79,0,20
18/07/2000,554.79,556.58,551.27,552.97,0,20
19/07/2000,552.97,554.62,544.44,547.76,0,20
20/07/2000,547.19,547.19,542.9,544.58,0,20
23/07/2000,544.58,548.62,539.14,540.01,0,20
24/07/2000,540.01,541.34,535.9,540.05,0,20
25/07/2000,540.05,542.13,537.66,541.56,0,20
26/07/2000,541.54,541.54,536.44,540.91,0,20
27/07/2000,540.91,541.71,533.63,534.32,530,20
30/07/2000,528.01,528.01,523.73,525.67,0,20
31/07/2000,526.29,532.43,526.29,526.78,0,20
01/08/2000,526.78,531.51,525.34,525.58,0,20
02/08/2000,525.58,525.59,520.56,522.32,0,20
03/08/2000,522.32,522.46,516.07,517.69,0,20
06/08/2000,520.32,528.49,520.32,526.93,0,20
07/08/2000,528.46,536.19,528.46,534.15,0,20
08/08/2000,534.15,535.62,530.02,534.7,0,20
09/08/2000,535.61,541.91,535.61,540.47,0,20
13/08/2000,540.47,546.02,539.76,542.21,0,20
14/08/2000,542.21,545.33,539.85,544.52,0,20
15/08/2000,547.61,551.99,547.61,551.77,0,20
16/08/2000,551.77,557.89,549.58,556.65,0,20
17/08/2000,556.33,556.33,551.18,552.64,0,20
20/08/2000,552.64,554.91,549.91,550.58,0,20
21/08/2000,550.58,554.15,549.06,553.47,0,20
22/08/2000,556.1,560.76,556.1,559.55,0,20
23/08/2000,560.23,564.28,560.23,563.8,0,20
24/08/2000,569.8,577.89,569.8,572.16,570,20
27/08/2000,572.16,578.4,567.83,577.37,0,20
28/08/2000,577.37,579.97,575.04,577.94,0,20
29/08/2000,577.45,577.45,571.34,572.92,0,20
30/08/2000,572.92,575.24,569.53,572.61,0,20
31/08/2000,572.61,575.7,568.78,574.11,0,20
03/09/2000,575,580.13,575,576.18,0,20
04/09/2000,575.64,575.64,571.49,575.39,0,20
05/09/2000,575.39,578.23,573.8,574.85,0,20
06/09/2000,573.28,573.28,569.4,570.1,0,20
07/09/2000,570.1,572.36,567.61,571.78,0,20
10/09/2000,569.74,569.74,561.52,562.18,0,20
11/09/2000,562.18,565.33,560.35,563.95,0,20
12/09/2000,561.83,561.83,557.85,560.32,0,20
13/09/2000,560.32,560.7,555.28,555.84,0,20
14/09/2000,559.8,567.48,559.8,566.72,0,20
17/09/2000,565.65,565.65,561.98,564.44,0,20
18/09/2000,563.56,563.56,557.67,558.92,0,20
19/09/2000,558.14,558.14,553.95,557.65,0,20
20/09/2000,557.65,563.94,555.9,557.44,0,20
21/09/2000,557.44,558.74,547.27,550.12,0,20
24/09/2000,550.12,555.61,548.48,551,0,20
25/09/2000,551.03,559.42,551.03,558.83,0,20
26/09/2000,557,557,550.86,554.51,0,20
27/09/2000,554.51,569.33,553.12,566.65,0,20
28/09/2000,562.87,562.87,557.29,559.81,560,20
02/10/2000,555.47,555.47,552.46,554.32,0,20
03/10/2000,554.32,558.85,551.62,557.1,0,20
04/10/2000,555.47,555.47,549.74,550.3,0,20
05/10/2000,550.3,552.64,547.81,551,0,20
10/10/2000,538.26,538.26,516.57,522.31,0,20
11/10/2000,522.31,523.47,509.79,514.51,0,20
12/10/2000,510.92,510.92,471.85,473.48,0,20
15/10/2000,473.48,488.43,466.26,486.73,0,20
16/10/2000,488.24,498.69,488.24,493.99,0,20
17/10/2000,493.99,507.75,472.64,498.38,0,20
18/10/2000,498.38,499.72,491.83,492.7,0,20
19/10/2000,492.7,498.76,492.1,497.41,0,20
22/10/2000,497.41,499.44,486.69,487.76,0,20
23/10/2000,485.38,485.38,474.04,477.5,0,20
24/10/2000,469.74,469.74,456.31,465.78,0,20
25/10/2000,465.78,473.75,463.02,466.55,0,20
26/10/2000,466.55,468.83,448.97,460.66,460,20
29/10/2000,468.13,476.02,468.13,470.72,0,20
30/10/2000,470.72,472.46,461.62,462.45,0,20
31/10/2000,462.45,465.43,459.78,464.57,0,20
01/11/2000,469.54,480.07,469.54,472.27,0,20
02/11/2000,473.99,494.17,473.99,490.31,0,20
05/11/2000,494.2,502.87,494.2,502.34,0,20
06/11/2000,502.34,507.32,499.38,503.38,0,20
07/11/2000,503.38,506.31,498.37,499.43,0,20
08/11/2000,499.43,500.13,493.24,498.18,0,20
09/11/2000,496.98,496.98,490.91,491.55,0,20
12/11/2000,483.73,483.73,478.29,483.14,0,20
13/11/2000,483.14,485.55,475.84,477.95,0,20
14/11/2000,478.15,488.12,478.15,487.17,0,20
15/11/2000,489.6,494.78,489.6,493.06,0,20
16/11/2000,493.06,493.52,490,492.56,0,20
19/11/2000,500.46,511.08,500.46,508.66,0,20
20/11/2000,508.66,512.39,502.08,503.42,0,20
21/11/2000,499.85,499.85,490.67,490.83,0,20
22/11/2000,489.95,489.95,474.41,476.04,0,20
23/11/2000,476.04,477.77,464.03,476.1,480,20
26/11/2000,482.4,489.41,482.4,488.37,0,20
27/11/2000,492.7,499.61,492.7,496.75,0,20
28/11/2000,493.83,493.83,485.15,487.66,0,20
29/11/2000,487.66,492.49,477.43,492.2,0,20
30/11/2000,491.61,491.61,482.6,485.41,0,20
03/12/2000,487.06,494.96,487.06,487.96,0,20
04/12/2000,487.96,488.82,481.54,486.93,0,20
05/12/2000,491.46,498.96,491.46,497.63,0,20
06/12/2000,499.09,509.41,499.09,503.09,0,20
07/12/2000,498.86,506.16,496.44,498.53,0,20
10/12/2000,498.53,501.16,497.72,499.74,0,20
11/12/2000,505.49,509.83,505.49,507.62,0,20
12/12/2000,511.52,512.55,506.73,509.9,0,20
13/12/2000,515.71,515.9,510.7,515.2,0,20
14/12/2000,513.52,513.52,509.64,511.03,0,20
17/12/2000,511.03,518.58,507.31,517.97,0,20
18/12/2000,521.15,527.91,521.15,525.1,0,20
19/12/2000,525.1,527.49,519.43,521.11,0,20
20/12/2000,519.18,519.18,507.07,508.21,0,20
21/12/2000,508.21,511.84,502.63,509.11,0,20
24/12/2000,511.85,519.73,511.85,515.51,0,20
25/12/2000,515.61,518.75,515.61,518.41,0,20
26/12/2000,518.41,519.98,514.14,515.82,0,20
27/12/2000,515.82,515.84,506.93,508,0,20
28/12/2000,508.58,515.03,508.58,512.53,510,20
31/12/2000,509.17,509.17,501.56,506.05,0,20
01/01/2001,506.05,506.57,500.99,501.51,0,20
02/01/2001,496.41,496.41,479.64,484.12,0,20
03/01/2001,480.81,480.81,466.27,479.21,0,20
04/01/2001,484.48,498.2,484.48,488.07,0,20
07/01/2001,477,477,470.13,471.54,0,20
08/01/2001,471.54,475.62,466.17,468.31,0,20
09/01/2001,468.86,475.02,468.86,472.31,0,20
10/01/2001,472.31,475.91,471.29,471.7,0,20
11/01/2001,472.93,478.03,472.93,477.2,0,20
14/01/2001,482.72,486.33,482.72,485.56,0,20
15/01/2001,485.09,485.09,481.12,482.59,0,20
16/01/2001,482.56,485.77,480.68,484.85,0,20
17/01/2001,487.25,492.3,487.25,491.77,0,20
18/01/2001,491.77,493.77,487.52,489.09,0,20
21/01/2001,483.55,483.55,476.54,478.02,0,20
22/01/2001,475.55,477.08,467.04,468.13,0,20
23/01/2001,466.31,471.12,459.81,459.85,0,20
24/01/2001,459.23,465.39,455.73,463.07,0,20
25/01/2001,471.2,471.2,465.55,468.89,470,20
28/01/2001,464.97,466.52,455.31,455.82,0,20
29/01/2001,453.2,456.12,447.86,454.76,0,20
30/01/2001,454.79,457.44,447.93,448.9,0,20
31/01/2001,445.51,457.18,445.51,454.96,0,20
01/02/2001,450.35,457.96,448.25,456.57,0,20
04/02/2001,450.78,454.3,447.46,452.37,0,20
05/02/2001,453.72,463.51,453.72,462.35,0,20
07/02/2001,454.74,458.42,452.91,455.78,0,20
08/02/2001,460.29,467.53,459.41,464.8,0,20
11/02/2001,471.67,477.24,471.38,476.74,0,20
12/02/2001,475.06,478.14,472.24,476.55,0,20
13/02/2001,481.26,482.64,474.9,475.91,0,20
14/02/2001,470.03,472.18,468.15,469.24,0,20
15/02/2001,476.25,476.25,464.16,468.39,0,20
18/02/2001,461.82,462.54,455.46,457.77,0,20
19/02/2001,455.78,458.83,452.23,457.32,0,20
20/02/2001,458.9,460.9,456.47,459.67,0,20
21/02/2001,455.73,460.1,454.89,457.43,0,20
22/02/2001,456.27,458.5,450.17,457.41,460,20
25/02/2001,454.07,462.63,449.41,461.53,0,20
26/02/2001,465.81,467.61,464.49,466.09,0,20
27/02/2001,468.44,468.94,463.06,465.08,0,20
28/02/2001,460.41,464.62,459.48,463.9,0,20
01/03/2001,459.62,463.14,455.37,456.02,0,20
04/03/2001,450.83,451.14,446.66,448.41,0,20
05/03/2001,450.69,452.98,445.96,451.69,0,20
06/03/2001,453.07,456.1,451.24,455.75,0,20
07/03/2001,454.44,455.73,450.1,453.25,0,20
08/03/2001,451.38,452.51,445.78,447.08,0,20
11/03/2001,440.41,441.07,436.26,436.98,0,20
12/03/2001,432.72,435.24,429.16,429.66,0,20
13/03/2001,420.2,426.42,418.02,423.86,0,20
14/03/2001,425.77,427.75,403.71,407.1,0,20
15/03/2001,409.55,415.06,403.36,411.57,0,20
18/03/2001,403.64,413.39,402.35,411.71,0,20
19/03/2001,413.48,417.6,411.2,413.01,0,20
20/03/2001,414.13,417.19,408.99,410.88,0,20
21/03/2001,405.34,406.98,398.13,401.66,0,20
22/03/2001,396.12,398.05,389.53,392.43,0,20
25/03/2001,399.52,408.93,399.52,407.22,0,20
26/03/2001,406.74,412.82,403.29,406.93,0,20
27/03/2001,404.42,406.04,397.62,398.08,0,20
28/03/2001,393.98,409.49,391.22,406.18,0,20
29/03/2001,388.41,392.29,387.76,391.46,390,20
01/04/2001,394.05,398.59,391.48,393.15,0,20
02/04/2001,391.65,392.53,384.29,385.06,0,20
03/04/2001,378.41,379.7,375.66,376.07,0,20
04/04/2001,372.89,382.26,372.18,377.29,0,20
05/04/2001,383.69,391.65,383.02,391.11,0,20
09/04/2001,389.55,392.13,386.44,386.9,0,20
10/04/2001,393.95,401.65,393.95,400.95,0,20
11/04/2001,404.72,406.02,400.15,404.17,0,20
12/04/2001,406.2,407.34,400.3,402.49,0,20
15/04/2001,406.59,410.88,406.5,408.68,0,20
16/04/2001,405.69,406.51,400.96,402.21,0,20
17/04/2001,397.31,397.39,385.95,389.22,0,20
18/04/2001,400.14,404.13,398.8,403.6,0,20
19/04/2001,411.48,412.52,403.77,406.58,0,20
22/04/2001,408.5,416.07,408.25,414.26,0,20
23/04/2001,412.98,418.98,411.04,415.06,0,20
24/04/2001,413.31,416.51,411.59,416.14,420,20
29/04/2001,416.07,430.47,416.07,429.76,0,20
30/04/2001,425.97,434.34,425.48,432.3,0,20
01/05/2001,429.06,432.54,426.87,428.55,0,20
02/05/2001,435.07,436.72,430.42,435.15,0,20
03/05/2001,433.13,436.87,430.37,430.97,0,20
06/05/2001,436.34,437.13,431.51,434.96,0,20
07/05/2001,434.85,436.92,431.15,432.65,0,20
08/05/2001,429.5,432.21,425.46,431.23,0,20
09/05/2001,426.56,427.04,420.41,421.72,0,20
10/05/2001,424.35,429.31,421.82,427.88,0,20
13/05/2001,423.06,424.76,420.75,421.46,0,20
14/05/2001,422.6,422.89,416.06,419.51,0,20
15/05/2001,418.03,424.43,417.62,423.07,0,20
16/05/2001,420.7,421.26,417.89,418.56,0,20
17/05/2001,426.36,429.85,425.42,428.95,0,20
20/05/2001,424.18,429.18,421.79,428.12,0,20
21/05/2001,430.13,431.8,427.83,429.33,0,20
22/05/2001,432.79,437.01,432.49,435.68,0,20
23/05/2001,436.17,442.17,436.17,439.22,0,20
24/05/2001,439.84,441.85,437.2,438.9,440,20
29/05/2001,442.11,443.2,436.11,436.8,0,20
30/05/2001,433.95,433.95,425.84,427.22,0,20
31/05/2001,424.11,426.07,420.51,422.88,0,20
03/06/2001,423.07,423.81,415.48,416.03,0,20
04/06/2001,416.77,420.44,414.64,416.94,0,20
05/06/2001,420.79,422.64,419.15,421.62,0,20
06/06/2001,426.77,428.36,424.88,426.31,0,20
07/06/2001,424.77,426.95,422.75,424.45,0,20
10/06/2001,427.75,428.72,422.37,422.68,0,20
11/06/2001,421.48,422.35,417.23,419.59,0,20
12/06/2001,417.9,417.9,407.25,407.62,0,20
13/06/2001,416.87,420.86,412.99,418.98,0,20
14/06/2001,419.07,419.79,410.91,416.62,0,20
17/06/2001,419.89,420.28,415.15,417.11,0,20
18/06/2001,416.99,417.47,411.96,414.45,0,20
19/06/2001,410.65,417.59,410.65,416.89,0,20
20/06/2001,412.49,412.49,407.47,410,0,20
21/06/2001,413.66,414.01,405.14,407.37,0,20
24/06/2001,405.36,409.66,402.41,406.04,0,20
25/06/2001,405.9,412.04,404.91,410.95,0,20
26/06/2001,411.26,412.85,407.38,409.59,0,20
27/06/2001,412.61,419.05,412.44,417.24,0,20
28/06/2001,421.62,424.25,417.12,423.61,420,20
01/07/2001,428.02,433.01,426.69,432.73,0,20
02/07/2001,429.78,435.53,427.87,432.55,0,20
03/07/2001,429.38,430.85,426.39,429.05,0,20
04/07/2001,428.61,432.34,428.21,430.82,0,20
05/07/2001,430.13,431.59,428.07,428.81,0,20
08/07/2001,423.39,423.71,420.23,421.61,0,20
09/07/2001,420.03,425.57,419.97,424.31,0,20
10/07/2001,428.73,432.84,426.18,431.45,0,20
11/07/2001,425.89,428.9,424.9,427.02,0,20
12/07/2001,433.93,436.19,433.21,435.58,0,20
15/07/2001,435.82,439.98,432.66,439.69,0,20
16/07/2001,440.31,442.63,439.13,441.15,0,20
17/07/2001,438.12,440.31,437.2,438.93,0,20
18/07/2001,439.39,439.82,434.37,435.29,0,20
19/07/2001,436.41,443,436.41,441.92,0,20
22/07/2001,443.15,444.71,438.71,441.78,0,20
23/07/2001,440.92,447.82,440.02,446.24,0,20
24/07/2001,444.16,447.18,443.38,444.45,0,20
25/07/2001,445.47,448.68,441.16,446.74,0,20
26/07/2001,450.25,455.05,447.93,454.79,450,20
30/07/2001,456.19,457.08,452.72,454.67,0,20
31/07/2001,453.16,454.78,447.87,449.72,0,20
01/08/2001,444.8,451.66,441.18,450.94,0,20
02/08/2001,452.26,455.29,452.01,453,0,20
05/08/2001,451.96,455.32,450.15,451.57,0,20
06/08/2001,451.24,453.61,448.5,451.15,0,20
07/08/2001,448.95,450.53,447.12,448.57,0,20
08/08/2001,449.16,453.13,449.16,452.51,0,20
09/08/2001,450.46,452.92,444.49,445.97,0,20
12/08/2001,444.87,450.16,441.37,449.54,0,20
13/08/2001,450.69,452.72,449.42,450.6,0,20
14/08/2001,449.89,450.96,447.23,448.56,0,20
15/08/2001,447.97,448.99,441.38,443.13,0,20
16/08/2001,439.88,439.88,435.75,436.67,0,20
19/08/2001,432.04,433.62,430.1,431.32,0,20
20/08/2001,433.51,435.38,432.09,433.36,0,20
21/08/2001,435.55,439.09,435.55,437.84,0,20
22/08/2001,437.44,440.15,436.18,439.36,0,20
23/08/2001,440.27,440.51,437.06,438.16,0,20
26/08/2001,438.22,438.41,433.85,435.4,0,20
27/08/2001,435.18,438.81,434.9,436.92,0,20
28/08/2001,435.41,435.47,431.18,433.23,0,20
29/08/2001,430.34,431.98,428.18,429.69,0,20
30/08/2001,425.42,428.01,423.45,423.53,420,20
02/09/2001,423.62,425.45,420.88,421.2,0,20
03/09/2001,421.17,422.31,413.4,415.88,0,20
04/09/2001,417.32,420.49,411.39,412.18,0,20
05/09/2001,409.88,415.23,409.07,414.52,0,20
06/09/2001,416.23,417.41,413.08,415.03,0,20
09/09/2001,412.33,413.21,407.68,410.2,0,20
10/09/2001,411.82,412.15,404.94,407.61,0,20
11/09/2001,408.57,409.68,395.64,398.07,0,20
12/09/2001,379.66,391.53,375.52,387.76,0,20
13/09/2001,391.06,394.37,388.86,392.07,0,20
16/09/2001,382.34,383.23,371.74,377.9,0,20
20/09/2001,373.4,378.26,370.65,373.47,0,20
23/09/2001,368.34,369.23,359.63,360.01,0,20
24/09/2001,365.64,377.09,365.64,375.53,0,20
25/09/2001,371.46,374.71,367.47,370.86,370,20
30/09/2001,376,379.21,369.64,371.33,0,20
03/10/2001,369.13,369.13,364.6,365,0,20
04/10/2001,370.43,372.21,365.78,367.75,0,20
07/10/2001,370.57,377.42,370.57,376.1,0,20
10/10/2001,377.88,385.12,377.18,383.88,0,20
11/10/2001,387.78,391.37,386.7,390.87,0,20
14/10/2001,388.18,388.87,383.55,388.61,0,20
15/10/2001,387.4,388.03,382.99,383.36,0,20
16/10/2001,386.6,393.96,386.6,393.85,0,20
17/10/2001,395.2,398.36,388.73,390.18,0,20
18/10/2001,384.65,389.84,382.98,387.86,0,20
21/10/2001,391.4,392.23,387.45,391.2,0,20
22/10/2001,391.39,395.88,389.93,395.25,0,20
23/10/2001,398.39,400.48,395.89,396.59,0,20
24/10/2001,395.51,399.42,392.64,395.25,0,20
25/10/2001,399.37,399.39,385.74,386.84,390,20
28/10/2001,392.74,392.74,385.7,387.77,0,20
29/10/2001,387.67,390.67,385.66,389.67,0,20
30/10/2001,383.35,384.73,380.95,382.13,0,20
31/10/2001,381.29,384.34,380.16,381.5,0,20
01/11/2001,379.04,381.53,377.61,380.62,0,20
04/11/2001,383.84,386.32,381.88,385.82,0,20
05/11/2001,390.28,395.22,388.74,394.52,0,20
06/11/2001,396.26,398.42,390.26,391.62,0,20
07/11/2001,394.1,395.06,389.2,394.43,0,20
08/11/2001,394.98,400.31,392.84,398.53,0,20
11/11/2001,401.1,404.85,400.81,403.16,0,20
12/11/2001,400.4,402.28,388.42,393.26,0,20
13/11/2001,400.95,406.13,400.31,405.45,0,20
14/11/2001,407.08,410.2,406.27,407.32,0,20
15/11/2001,407.31,409.86,401.88,403.14,0,20
18/11/2001,405.58,405.59,402.3,404.35,0,20
19/11/2001,406.47,408.94,405.53,407.72,0,20
20/11/2001,408.69,409.33,404.95,406.97,0,20
21/11/2001,405.17,408.37,404.08,405.46,0,20
22/11/2001,407.54,410.34,406.17,410.03,0,20
25/11/2001,413.1,416.15,412.72,415.77,0,20
26/11/2001,415.84,416.36,412.52,414.25,0,20
27/11/2001,415.6,415.95,411.08,411.51,0,20
28/11/2001,410.81,415.05,409.29,413.85,0,20
29/11/2001,415.67,415.67,411.15,413.81,410,20
02/12/2001,410.82,411.82,404.11,404.56,0,20
03/12/2001,405.34,406.07,398.68,401.52,0,20
04/12/2001,402.38,404.75,400.3,401.85,0,20
05/12/2001,405.24,405.93,403.48,404.15,0,20
06/12/2001,410.25,412.21,408.98,410.74,0,20
09/12/2001,409.05,418.06,408.84,417.62,0,20
10/12/2001,418.54,419.97,414.5,415.65,0,20
11/12/2001,416.24,420.69,415.21,420.21,0,20
12/12/2001,421.6,422.15,418.25,420.05,0,20
13/12/2001,417.25,418.25,410.1,411.71,0,20
16/12/2001,416.43,419.13,415.47,417,0,20
17/12/2001,416.12,417.7,413.34,413.6,0,20
18/12/2001,415.71,415.78,408.4,411.41,0,20
19/12/2001,414.63,416.01,408.63,409.69,0,20
20/12/2001,408.28,413.05,407.58,412.47,0,20
23/12/2001,427.76,436.44,426.5,435.52,0,20
24/12/2001,436.44,438.86,431.95,438.23,0,20
25/12/2001,437.12,447.22,436.86,445.39,0,20
26/12/2001,448.23,450.23,444.66,448.3,0,20
27/12/2001,451.53,456.73,449.78,456.46,460,20
30/12/2001,463.93,466.5,462.97,465.38,0,20
31/12/2001,463.51,466.83,455.09,459.26,0,20
01/01/2002,458.11,465.75,453.51,465.3,0,20
02/01/2002,471.41,479.68,469.29,477.67,0,20
03/01/2002,480.72,492.63,478.36,480.07,0,20
06/01/2002,483.51,485.44,476.77,483.72,0,20
07/01/2002,481.31,486.41,478.57,483.69,0,20
08/01/2002,479.18,481.96,471.89,474.98,0,20
09/01/2002,468.3,474.24,466.3,471.93,0,20
10/01/2002,467.54,468.53,464.61,465.08,0,20
13/01/2002,460.89,473.66,460.11,470.92,0,20
14/01/2002,473.65,474.38,465.64,470.69,0,20
15/01/2002,466.44,469.59,464.72,466.04,0,20
16/01/2002,461.77,463.42,456.78,459.08,0,20
17/01/2002,460.28,464.71,458.44,463.23,0,20
20/01/2002,457.41,458.8,454.65,455.8,0,20
21/01/2002,457.45,460.82,454.9,457.91,0,20
22/01/2002,458.39,464.27,455.95,460.99,0,20
23/01/2002,458.96,459.05,449.31,451.16,0,20
24/01/2002,449.37,456.29,449.37,455.59,450,20
27/01/2002,455.01,455.01,445.85,447.52,0,20
28/01/2002,446.27,450.02,443.57,445.38,0,20
29/01/2002,449.06,449.97,444.26,448.06,0,20
30/01/2002,444.06,449.09,442.26,445.99,0,20
31/01/2002,450.18,454.43,449.46,453.34,0,20
03/02/2002,457.52,463.64,457.36,462.45,0,20
04/02/2002,461.33,462.81,457.76,460.18,0,20
05/02/2002,454.5,457.86,453.08,454.69,0,20
06/02/2002,455.69,457.99,451.08,455.64,0,20
07/02/2002,450.41,450.41,444.92,447.82,0,20
10/02/2002,449.4,450.77,435.16,435.37,0,20
11/02/2002,436.71,439.84,430.55,432.96,0,20
12/02/2002,435.09,436.64,425.74,433.74,0,20
13/02/2002,436.4,440.02,430.12,438.95,0,20
14/02/2002,442.15,444.54,435.27,436.95,0,20
17/02/2002,427.24,428,421.17,422.75,0,20
18/02/2002,425.1,426.19,421.3,425.36,0,20
19/02/2002,420.01,420.03,415.62,416.41,0,20
20/02/2002,407.02,416.83,405.08,415.77,0,20
21/02/2002,417.3,418.68,413.86,415.97,410,20
24/02/2002,421.55,423.51,416.21,417.06,0,20
25/02/2002,420.02,420.88,415.81,419.83,0,20
27/02/2002,425.23,432.17,424.54,431.27,0,20
28/02/2002,430.65,434.11,424.58,426.46,0,20
03/03/2002,419.46,423.35,416.69,421.02,0,20
04/03/2002,424.17,427.05,422.85,425.82,0,20
05/03/2002,423.16,424.64,416.58,417.95,0,20
06/03/2002,415.52,417.22,408.81,409.67,0,20
07/03/2002,414.72,414.76,408.9,411.98,0,20
10/03/2002,412.91,417.48,410.7,416.46,0,20
11/03/2002,420.18,423.44,417.3,419,0,20
12/03/2002,416.82,419.48,410.9,411.8,0,20
13/03/2002,413.81,415.54,409.99,410.82,0,20
14/03/2002,413.5,418.57,412.95,417.62,0,20
17/03/2002,426.16,429.36,424.88,428.46,0,20
18/03/2002,430.86,436.44,429.89,434.26,0,20
19/03/2002,432.92,435.13,430.63,432.88,0,20
20/03/2002,431.79,434.42,430.09,431.18,0,20
21/03/2002,429.68,430.53,425.75,426.7,0,20
24/03/2002,429.2,430.31,422.26,423.29,0,20
25/03/2002,420.96,427.04,420.81,424.9,0,20
26/03/2002,418.77,423.7,418.62,419.19,420,20
31/03/2002,401.3,404.53,393.09,395.95,0,20
01/04/2002,392.85,394.21,385.99,390.23,0,20
04/04/2002,386.03,388.19,380.52,386.83,0,20
07/04/2002,396.12,398.7,394.93,397.95,0,20
08/04/2002,394.65,394.65,384.89,387.66,0,20
09/04/2002,392.7,392.92,382.22,384.59,0,20
10/04/2002,380.41,392.1,379.48,391.24,0,20
11/04/2002,394.81,396.72,390.67,392.71,0,20
14/04/2002,389.35,389.82,385.37,388.35,0,20
15/04/2002,391.04,391.88,387.11,389.16,0,20
18/04/2002,392.71,395.6,392.71,394.94,0,20
21/04/2002,400.55,405.63,399.98,404.74,0,20
22/04/2002,402.96,405.88,400.34,401.57,0,20
23/04/2002,400.37,402.86,396.72,397.68,0,20
24/04/2002,389.9,392.5,385.66,386.44,0,20
25/04/2002,388.21,389.67,379.31,383.95,380,20
28/04/2002,377.21,378.65,370.66,375.35,0,20
29/04/2002,379.93,382.4,375.71,382.08,0,20
30/04/2002,379.22,382.74,373.87,375.9,0,20
01/05/2002,379.72,382.96,376.7,380.44,0,20
02/05/2002,386.94,391.37,386.15,390.22,0,20
05/05/2002,396.72,397.82,389.13,390.49,0,20
06/05/2002,391.98,393.29,389.14,390.83,0,20
07/05/2002,387.79,394.82,385.31,393.4,0,20
08/05/2002,388.86,391.98,387.08,390.86,0,20
09/05/2002,391.86,392.5,381.68,382.62,0,20
12/05/2002,388.55,388.71,384.08,387.56,0,20
13/05/2002,389.4,389.42,384.19,385.83,0,20
14/05/2002,390.14,396.47,386.55,395.44,0,20
15/05/2002,398.02,398.62,392.94,393.64,0,20
19/05/2002,395.1,396.27,387.45,388,0,20
20/05/2002,388.31,389.43,385.5,387.11,0,20
21/05/2002,384.49,391.43,384.1,390.74,0,20
22/05/2002,392.35,393.95,388.54,390.47,0,20
23/05/2002,388.67,390.74,386.95,388.83,0,20
26/05/2002,387.73,388.67,384.84,386.33,0,20
27/05/2002,386.99,390.05,386.41,387.81,0,20
28/05/2002,388.36,391.45,385.96,386.9,0,20
29/05/2002,385.27,385.79,380.33,381.61,0,20
30/05/2002,384.78,386.43,380.09,381.48,380,20
02/06/2002,385.45,386.91,384.62,386.24,0,20
03/06/2002,387.36,391.2,385.78,390.8,0,20
04/06/2002,388.37,391.38,388.26,390.04,0,20
05/06/2002,387.85,388.75,385.59,388.52,0,20
06/06/2002,390.44,390.65,387.54,388.2,0,20
09/06/2002,384.11,384.11,381.44,383.78,0,20
10/06/2002,385.89,386.44,378.01,379.76,0,20
11/06/2002,377.97,378,371.05,373.45,0,20
12/06/2002,370.73,374.81,369.83,372.31,0,20
13/06/2002,372.62,374.07,370.1,372.37,0,20
16/06/2002,372.86,374.94,370.58,371.11,0,20
17/06/2002,371.31,371.57,367.06,368.62,0,20
18/06/2002,369.2,370.27,366.68,367.71,0,20
19/06/2002,365.16,365.58,361.46,362.95,0,20
20/06/2002,360.2,361.4,355.26,355.47,0,20
23/06/2002,352.52,352.52,342.36,348.11,0,20
24/06/2002,349.77,351.12,345.6,349.25,0,20
25/06/2002,354.95,363.8,354.87,362.98,0,20
26/06/2002,356.42,356.74,351.72,354.11,0,20
27/06/2002,358.25,366.98,358.02,365.52,370,20
30/06/2002,370.54,372.39,366.27,367.52,0,20
01/07/2002,366.69,369.59,363.96,366.08,0,20
02/07/2002,359.23,361.03,356.76,358.62,0,20
03/07/2002,358.19,360.16,353.14,356.08,0,20
04/07/2002,360.34,360.98,357.01,358.82,0,20
07/07/2002,366.51,366.81,363.95,364.99,0,20
08/07/2002,360.54,363.74,358.9,363.02,0,20
09/07/2002,362.63,370.02,362.13,368.11,0,20
10/07/2002,367.46,375.65,367.21,374.72,0,20
11/07/2002,369.71,373.75,367.04,368.03,0,20
14/07/2002,372.96,374.92,371.19,373.48,0,20
15/07/2002,373.97,381.09,373.97,377.29,0,22.19
16/07/2002,378.23,378.57,371.78,375.04,0,23.63
17/07/2002,374.8,386.5,371.67,385.84,0,20.94
21/07/2002,378.76,384.69,377.65,381.07,0,26.52
22/07/2002,383,386.77,380.78,384.69,0,27.07
23/07/2002,382.67,384.08,376.6,377.92,0,27.41
24/07/2002,373.75,374.48,362.73,363.94,0,32.18
25/07/2002,372.33,372.64,364.73,365.66,360,25.33
28/07/2002,367.73,372.4,367.72,371.8,0,23.54
29/07/2002,371.92,377.76,371.31,377.32,0,22.98
30/07/2002,381.97,382.45,374.52,376.06,0,24.08
31/07/2002,378.85,382.22,373.78,374.83,0,24.07
01/08/2002,377.45,377.67,370.17,371.75,0,23.83
04/08/2002,365.06,365.57,362.51,363.94,0,24.82
05/08/2002,363.39,363.39,360.06,361.58,0,25.17
06/08/2002,358.92,364.92,357.55,364.42,0,25.13
07/08/2002,368.03,369.35,365.91,367.84,0,24.09
08/08/2002,368.27,368.57,363,363.98,0,24.32
11/08/2002,363.95,365.4,361.32,364.26,0,24.27
12/08/2002,366.02,366.19,361.67,361.93,0,23.79
13/08/2002,363.85,364.28,359.69,361.38,0,23.28
14/08/2002,359.56,360.54,358.34,360.19,0,23.09
15/08/2002,363.07,363.42,361.35,362.63,0,22.8
18/08/2002,362.9,368.78,362.57,367.91,0,23.93
19/08/2002,371.29,376.94,371.29,375.27,0,23.19
20/08/2002,378.03,379.16,374.26,374.91,0,23.1
21/08/2002,372.77,379.93,372.06,378.79,0,23.8
22/08/2002,380.97,381.91,375.92,376.67,0,21.89
25/08/2002,376.32,379.24,374.12,377.66,0,24.44
26/08/2002,379.98,381.5,379.08,380.59,0,21.84
27/08/2002,380.63,382.43,378.09,382.05,0,24.01
28/08/2002,379.63,381.31,378.78,379.42,0,23.85
29/08/2002,375.53,376.3,373.54,373.97,370,21.41
01/09/2002,374.08,374.24,368.98,369.92,0,21.67
02/09/2002,370.03,370.55,366.94,369.36,0,22.66
03/09/2002,368.35,369.2,366.76,367.72,0,22.6
04/09/2002,365.44,368.95,364.01,367.81,0,21.54
05/09/2002,367.94,368.62,364.29,365.51,0,20.92
09/09/2002,366.86,367.89,365.05,367.41,0,21.55
10/09/2002,368.14,374.44,367.89,372.17,0,20.21
11/09/2002,372.27,374.38,370.55,373.82,0,20.75
12/09/2002,371.73,372.92,370.24,371.47,0,19.39
17/09/2002,376.3,378.68,374.77,375.88,0,20.59
18/09/2002,373.15,373.15,364.27,365.15,0,24.28
19/09/2002,365.52,365.83,359.38,361.18,0,22.32
22/09/2002,359.47,359.53,352.41,353.37,0,26.08
23/09/2002,354.65,356.7,352.66,355.31,0,26.69
24/09/2002,352.36,353.63,348.48,349.61,0,28.83
25/09/2002,344.17,350.67,340.52,349.4,0,29.51
26/09/2002,349.91,354.16,347.22,351.33,350,24.29
29/09/2002,348.89,349.69,343.27,345.71,0,25.62
30/09/2002,344.33,346.93,342.41,344.46,0,25.88
01/10/2002,341.85,348.12,340.05,347.47,0,24.79
02/10/2002,349.17,351.92,342.94,343.99,0,26.27
03/10/2002,340.52,341.26,337.93,339.84,0,25.13
06/10/2002,335.64,336.27,332.1,333.58,0,26.1
07/10/2002,329.9,336.88,329.35,334.88,0,26.21
08/10/2002,337.15,338.53,334.61,337.34,0,26.11
09/10/2002,336.44,336.44,333.73,334.96,0,26.02
10/10/2002,334.52,336.73,333.13,335.97,0,25.87
13/10/2002,340.62,343.26,339.29,340.21,0,24.81
14/10/2002,338.82,338.96,333.71,335.74,0,25.04
15/10/2002,337.03,342.52,335.44,339.82,0,24.64
16/10/2002,336.95,338.84,334.53,335.19,0,24.39
17/10/2002,337.92,342.28,336.69,341.57,0,23.55
20/10/2002,344.19,344.93,340.28,341.32,0,25.71
21/10/2002,340.78,342.18,339.69,340.28,0,24.3
22/10/2002,338.46,338.9,336.58,337.57,0,25.85
23/10/2002,338.76,339.51,336.42,337.2,0,26.61
24/10/2002,339.73,341.91,338.79,340.01,340,21.28
27/10/2002,337.21,338.17,334.99,335.31,0,22.34
28/10/2002,335.31,335.94,331.75,332.22,0,22.11
29/10/2002,331.3,331.54,326.73,327.35,0,22.63
30/10/2002,326.6,334.12,326.37,333.53,0,21.37
31/10/2002,326.14,328.77,322.33,325.4,0,22.01
03/11/2002,327.85,330.02,325.16,325.46,0,21.3
04/11/2002,326.83,326.98,324.02,325.07,0,22.34
05/11/2002,322.52,331.47,321.96,330.94,0,21.98
06/11/2002,335.41,343.95,335.41,343.22,0,22.41
07/11/2002,346.33,347.35,339.08,339.93,0,22.28
10/11/2002,338.19,344.53,336.36,343.95,0,22.81
11/11/2002,342.67,345.38,340.09,341.38,0,21.95
12/11/2002,338.36,340.64,336.72,337.86,0,22.98
13/11/2002,335.58,339.11,335.01,336.46,0,22.21
14/11/2002,342.05,342.65,339.29,340.96,0,20.09
17/11/2002,342.29,342.94,338.88,340.63,0,20.86
18/11/2002,341.41,346.15,341.15,345.29,0,20.46
19/11/2002,343.28,344.15,341.22,342.14,0,20.6
20/11/2002,341.35,344.01,341.08,343,0,20.48
21/11/2002,345.86,346.92,343.83,345.59,0,20.8
24/11/2002,347.26,352.51,347.26,351.53,0,22.69
25/11/2002,352.67,352.7,349.82,351.85,0,21.96
26/11/2002,352.44,360.7,351.55,357.34,0,26.35
27/11/2002,358.33,366.43,358.33,364.11,0,30.26
28/11/2002,369.92,369.92,360.78,365.18,370,22.88
01/12/2002,366.07,370.54,362.74,368.75,0,23
02/12/2002,371.3,378.46,371.3,378.04,0,23.03
03/12/2002,376.51,378.25,372.9,373.39,0,23.4
04/12/2002,371.23,372.25,365.92,366.97,0,23.12
05/12/2002,369.14,372.67,367.37,368.51,0,23.4
08/12/2002,366.75,366.75,360.27,360.74,0,23.76
09/12/2002,361.69,365.47,361.14,363.87,0,23.43
10/12/2002,365.76,375.16,364.82,374.01,0,23.07
11/12/2002,379.58,380.98,375,375.85,0,23.36
12/12/2002,376.87,378.31,372,377.56,0,22.87
15/12/2002,376.48,379.64,373.68,375.54,0,25.16
16/12/2002,380.73,383.14,373.54,375.76,0,24.33
17/12/2002,375.49,376.95,370.2,370.73,0,23.84
18/12/2002,371.77,372.26,362.66,367.08,0,23.66
19/12/2002,362.57,365.06,355.71,357.69,0,26.11
22/12/2002,353.75,353.85,347.1,350.04,0,28.34
23/12/2002,351.82,352.38,342.65,343.86,0,30.43
24/12/2002,344.74,345.41,340.2,342.66,0,33.41
25/12/2002,343.27,345.59,338.47,339.5,0,29.09
26/12/2002,338.7,346.8,338.5,346.39,340,25.38
29/12/2002,342.97,343.59,335.43,335.91,0,27.26
30/12/2002,334.63,337.71,332.65,335.69,0,27.12
31/12/2002,336.11,340.68,331.23,333.91,0,26.35
01/01/2003,334.13,335.75,326.31,329.02,0,27.18
02/01/2003,326.42,333.06,323.97,328.63,0,26.67
05/01/2003,332.36,333.54,329.84,331,0,25.87
06/01/2003,331.47,332.09,329.19,330.43,0,25.64
07/01/2003,331.93,336.44,330.98,331.75,0,26.07
08/01/2003,328.03,329.48,326.91,327.75,0,25.73
09/01/2003,326.49,328.53,323.82,326.87,0,25.34
12/01/2003,329.54,329.89,324.12,325.15,0,25.35
13/01/2003,322.74,324.87,318.42,318.96,0,26.38
14/01/2003,316.58,319.02,315.22,316.27,0,26.54
15/01/2003,318.56,321.85,318.41,321.39,0,25.2
16/01/2003,320.09,325.59,319.57,324.39,0,24.32
19/01/2003,320.77,320.92,311.73,313.49,0,27.61
20/01/2003,311.69,315.24,310.01,311.62,0,28.34
21/01/2003,311.07,313.57,309.63,310.99,0,27.76
22/01/2003,309.63,309.68,306.72,307.91,0,28.75
23/01/2003,309.71,313.13,309.4,312.25,0,26.47
26/01/2003,309.49,317.93,309.11,315.89,0,28.24
27/01/2003,316.55,318.83,309.89,313.39,0,27.25
29/01/2003,311.73,318,308.98,315.49,0,26.27
30/01/2003,311.35,314.38,310.79,311.7,310,28.05
02/02/2003,308.59,312.68,307.98,310.23,0,27.68
03/02/2003,309.72,311.49,304.41,305.31,0,28.79
04/02/2003,302.18,303.06,299.12,299.79,0,28.38
05/02/2003,297.03,302.11,295.88,300.44,0,27.22
06/02/2003,298.85,302.64,297.3,298.81,0,28.15
09/02/2003,297.74,302.58,297.74,299.89,0,27.97
10/02/2003,299.87,299.87,296.68,297.62,0,28.93
11/02/2003,298.79,301.28,297.33,300.02,0,27.7
12/02/2003,299.24,301.12,298.31,298.86,0,29.31
13/02/2003,294.2,295.62,292.22,294.32,0,30.91
16/02/2003,300.76,301.5,298.03,300.86,0,28.31
17/02/2003,303.42,315.34,303.06,309.35,0,31.73
18/02/2003,313.68,318.07,310.81,317.05,0,30.04
19/02/2003,315.82,315.91,309.74,310.24,0,29.77
20/02/2003,306.94,310.34,304.9,307.32,0,27.97
23/02/2003,309.89,312.88,309.1,312.61,0,30.04
24/02/2003,315.5,316.06,309.97,310.64,0,29.8
25/02/2003,308.32,308.51,305.14,305.86,0,28.93
26/02/2003,307.41,307.82,303.86,305.65,0,28.96
27/02/2003,313.87,320.06,312.1,319.02,320,28.24
02/03/2003,323.87,329.1,321.33,322.65,0,27.37
03/03/2003,323.81,326.8,319.96,324.59,0,26.68
04/03/2003,323.06,324.77,321.31,323.73,0,26.65
05/03/2003,320.26,322.21,317.54,319.84,0,27.29
06/03/2003,321.14,326.79,320.91,325.52,0,27.57
09/03/2003,327.62,327.92,322.19,323.19,0,28.69
10/03/2003,321.69,323.89,320.12,320.8,0,28.56
11/03/2003,317.9,321.85,317.59,321.29,0,29.09
12/03/2003,322.45,323.39,317.48,319.34,0,30.22
13/03/2003,320.72,326.13,320.72,325.04,0,29.05
16/03/2003,329.52,331.63,327.49,330.94,0,28.53
17/03/2003,328.25,334.43,328.24,332.99,0,29.26
19/03/2003,340.28,347.09,338.38,346.32,0,28.37
20/03/2003,345.71,346.5,339.81,340.99,0,28.62
23/03/2003,347.16,349.37,338.93,340.62,0,30.12
24/03/2003,336.54,336.95,332.91,334.96,0,30.76
25/03/2003,334.81,338.96,332.84,338.14,0,32.63
26/03/2003,342.92,349,341.42,347.62,0,34.96
27/03/2003,350.21,350.21,341.05,341.77,340,26.65
30/03/2003,336.8,337.93,334.55,336.29,0,27.98
31/03/2003,337.1,337.34,332.6,333.9,0,27.27
01/04/2003,335.05,343.18,334.77,342.42,0,26.33
02/04/2003,348.25,354.44,346.63,353.48,0,23.94
03/04/2003,351.91,361.05,350.29,357.25,0,25.06
06/04/2003,358.38,358.65,354.3,355.67,0,25.7
07/04/2003,361.44,366.14,361.44,364.46,0,23.9
08/04/2003,361.89,367.62,358.91,363.45,0,22.74
09/04/2003,363,366.45,361.73,365.66,0,22.54
10/04/2003,365.44,369.06,364.29,365.68,0,22.94
13/04/2003,367.14,368.49,364.21,365.19,0,22.73
14/04/2003,364.45,371.74,362.54,371.43,0,20.05
15/04/2003,376.24,379.82,375.52,377.1,0,19.46
20/04/2003,380.14,384.24,380.14,383.78,0,22.02
21/04/2003,383.18,383.56,373.92,375.1,0,23.24
24/04/2003,375.36,383.63,374.36,382.36,380,23.23
27/04/2003,378.58,379.98,375.19,376.08,0,24.38
28/04/2003,370.16,380.62,368.72,374.29,0,24.67
29/04/2003,381.04,384.64,379.8,383.76,0,23.17
04/05/2003,394.88,401.14,394.45,399.29,0,24.34
05/05/2003,402.34,403.48,396.55,401.45,0,23.53
08/05/2003,402.87,403,396.52,400.49,0,23.83
11/05/2003,407.79,417.82,407.79,417.12,0,27.71
12/05/2003,413.24,417.77,410.78,415.77,0,28.94
13/05/2003,415.15,416.03,406.26,407.53,0,27.79
14/05/2003,411.54,412.54,404.49,409.43,0,27.18
18/05/2003,404.21,404.21,393.75,395.14,0,28.1
19/05/2003,392.49,394.99,389.17,391.12,0,27.33
20/05/2003,386.27,390.04,384.59,385.27,0,27.19
21/05/2003,382.82,383.36,370.5,377.61,0,28.83
22/05/2003,382.49,383.93,377.95,380.4,0,25.11
25/05/2003,397.97,409.57,397.84,407.75,0,31.32
26/05/2003,411.17,414.09,405.36,408.7,0,32.02
27/05/2003,408.69,413.91,406.04,413.8,0,47.53
28/05/2003,420.27,428.32,420.27,426.29,0,35.12
29/05/2003,432.91,437.84,425.49,429.34,430,31.97
01/06/2003,437.3,439.83,429.89,437.53,0,32.55
02/06/2003,435.53,436.98,428.14,429.76,0,32.44
03/06/2003,425.23,435.17,424.07,430.2,0,31.98
04/06/2003,434.13,434.31,415.47,417.36,0,34.83
08/06/2003,408.31,410.47,401.48,403.54,0,36.17
09/06/2003,408.09,410.48,404.54,405.79,0,34.89
10/06/2003,410.77,415.19,397.46,400.19,0,35.12
11/06/2003,402.43,412.9,401.62,412.3,0,33.73
12/06/2003,411.17,416.85,406.82,409.84,0,34.43
15/06/2003,419.02,427.99,418.99,426.84,0,33.36
16/06/2003,435.22,437.13,429.54,431.26,0,31.44
17/06/2003,433.57,438.93,431.93,436.26,0,31.84
18/06/2003,432.7,438.7,432.2,434.68,0,31.99
19/06/2003,437.14,447.54,436.95,446.96,0,32.23
22/06/2003,446.35,448.96,440.37,441.43,0,20.01
23/06/2003,442.32,444.34,435.75,438.26,0,35.58
24/06/2003,434.03,435.55,429.57,431.29,0,33.86
25/06/2003,431.61,436.88,428.49,430.3,0,33.52
26/06/2003,427.05,436.13,427.05,434.68,430,30.64
29/06/2003,447.52,448.25,443.44,447.36,0,30.64
30/06/2003,449.84,450.6,440.79,442.67,0,30.27
01/07/2003,439.45,443.73,437.47,442.84,0,29.66
02/07/2003,448.67,450.33,444.97,447.52,0,30.02
03/07/2003,450.63,451.22,438.31,440.17,0,30.26
06/07/2003,438.2,440.34,432.24,437.39,0,31.64
07/07/2003,439.53,440.04,433.13,435.95,0,31.79
08/07/2003,437.29,437.83,421.19,422.8,0,30.91
09/07/2003,425.21,432.78,417.85,431.36,0,30.63
10/07/2003,433.39,435.88,424.51,427.25,0,31.03
13/07/2003,426.32,428.25,422.17,422.81,0,31.84
14/07/2003,422.14,427.09,420.16,424.91,0,30.06
15/07/2003,424.58,424.58,419.44,421.53,0,28.58
16/07/2003,419.15,421.46,413.26,413.74,0,28.62
17/07/2003,414.41,416.69,407.11,414.43,0,28.36
20/07/2003,418.64,419.13,412.66,415.95,0,26.18
21/07/2003,413.56,415.63,411.16,412.92,0,25.38
22/07/2003,410.84,415.32,410.02,413.37,0,25.02
23/07/2003,414.83,421.66,414.79,419.5,0,25.3
24/07/2003,415.66,418.39,412.6,415.32,420,24
27/07/2003,421.77,426.52,421.75,423.79,0,24.02
28/07/2003,426.65,426.65,421.35,422.3,0,24.29
29/07/2003,422.03,422.9,416.2,418.6,0,24.72
30/07/2003,415.8,415.8,410.59,411.74,0,24.52
31/07/2003,406.5,409.55,404.25,407.26,0,24.54
03/08/2003,404.03,404.03,398.08,398.49,0,25.67
04/08/2003,398.52,401.36,396.42,397.2,0,25.51
05/08/2003,396.94,400.57,396.54,399.67,0,25.34
06/08/2003,394.33,399.48,392.62,397.24,0,25.86
10/08/2003,395.11,395.28,386.8,387.43,0,27.12
11/08/2003,390.41,392.63,385.7,387.15,0,26.81
12/08/2003,387.16,390.61,384.45,389.96,0,27.57
13/08/2003,395.03,397.18,393.31,395.49,0,26.82
14/08/2003,395.05,395.84,390.81,392.54,0,25.96
17/08/2003,396.31,402.88,396.31,402.21,0,26.29
18/08/2003,401.94,405.99,399.5,402.56,0,26.59
19/08/2003,405.61,406.59,400.14,401.21,0,26.94
20/08/2003,393.17,393.53,388.73,392.28,0,27.82
21/08/2003,393.25,395.13,383.42,387.96,0,27.06
24/08/2003,387.64,387.73,384.4,385.58,0,28.73
25/08/2003,385.76,387.48,382.83,386.79,0,27.94
26/08/2003,387.91,392.26,386.56,391.49,0,27.32
27/08/2003,392.57,394.96,392.33,393.82,0,26.82
28/08/2003,392.97,400.18,392.49,399.27,400,25.21
31/08/2003,400.81,401.71,396.23,396.83,0,25.42
01/09/2003,397.32,399.13,395.55,397.09,0,24.87
02/09/2003,397.78,402.19,396.74,401.82,0,23.48
03/09/2003,406.65,412.76,406.59,411.67,0,22.56
04/09/2003,412.75,414.92,409.19,411.65,0,22.69
07/09/2003,401.9,402.72,400.05,400.46,0,24.5
08/09/2003,399.26,403.31,399.26,402.72,0,24.06
09/09/2003,408.55,409.56,401.5,402.62,0,23.8
10/09/2003,397.4,398.7,394.27,395.77,0,24.21
11/09/2003,393.74,395.35,391.56,392.16,0,24.7
14/09/2003,392.71,393.64,391.1,392.33,0,25.41
15/09/2003,390.15,396.54,389.42,396.04,0,23.97
16/09/2003,395.84,401.68,394.06,400.63,0,24.24
17/09/2003,403.35,405.17,398.18,398.78,0,23.62
18/09/2003,400.13,402.57,399.36,401.4,0,22.41
21/09/2003,401.4,408.89,401.1,407.85,0,22.21
22/09/2003,408.5,412.43,405.89,411.43,0,22.15
23/09/2003,413.52,416.91,411.51,412.36,0,21.21
24/09/2003,415.5,418.49,413.67,417.66,0,22.18
25/09/2003,417.57,417.57,410.33,416.43,410,21.74
29/09/2003,412.34,418.29,411.15,417.29,0,22.43
30/09/2003,419.31,419.31,413.33,414,0,21.71
01/10/2003,414.73,417.07,411.63,415.83,0,21.52
02/10/2003,419.56,422.98,416.8,422.3,0,19.91
07/10/2003,418.79,424.25,417.59,422.04,0,22.45
08/10/2003,423.17,423.81,415.71,416.44,0,22.87
09/10/2003,415.64,418.79,413.45,417.41,0,22.61
12/10/2003,418.03,425.86,418.03,425.13,0,22.05
13/10/2003,426.41,429.23,424.79,427.19,0,21.63
14/10/2003,426.05,427.37,424.73,425.4,0,20.27
15/10/2003,428.47,431.76,427.65,430.9,0,20.9
16/10/2003,430.99,434.32,428.57,430.57,0,22.32
19/10/2003,427.79,434.37,427.44,433.38,0,22
20/10/2003,432.69,434.9,430.85,431.47,0,22.51
21/10/2003,432,440.02,429.61,438.34,0,22.41
22/10/2003,438.93,442.74,435.57,436.57,0,21.93
23/10/2003,432.9,435.42,431.39,434.39,0,22.02
26/10/2003,435.19,435.71,433.03,433.63,0,21.66
27/10/2003,434.31,439.63,434.28,439.07,0,22.04
28/10/2003,442.7,449.16,442.5,448.87,0,20.14
29/10/2003,452.85,458.78,449.14,458.5,0,20.9
30/10/2003,454.01,454.76,446.9,450.94,450,21.82
02/11/2003,448.34,458.53,448.34,457.41,0,22.54
03/11/2003,463.36,467.86,462.17,463.44,0,23.64
04/11/2003,464.56,465.56,460.63,461.98,0,23.8
05/11/2003,460.88,468.73,459.54,467.6,0,23.72
06/11/2003,467.45,470.27,464.66,466.41,0,24.73
09/11/2003,467.61,471.22,465.68,467.04,0,25
10/11/2003,466.91,466.98,461.47,462.98,0,24.37
11/11/2003,459.89,460.49,453.79,455.96,0,24.71
12/11/2003,459.65,470.53,458.01,468.96,0,24.95
13/11/2003,477.88,478.72,465.1,466.64,0,25.92
16/11/2003,464.5,469.33,461.76,467.51,0,26.73
17/11/2003,463.41,466.78,459.03,465.37,0,25.6
18/11/2003,469.75,475.71,466.81,474.66,0,24.74
19/11/2003,473.15,476.31,471.11,472.76,0,26.26
20/11/2003,474,475.09,466.01,469.36,0,25.74
23/11/2003,471.27,476.37,470,470.75,0,25.53
24/11/2003,470.56,475.59,469.68,475.16,0,24.83
25/11/2003,479.26,480.16,476.04,478.33,0,25.43
26/11/2003,478.14,479.72,472.44,473.61,0,23.96
27/11/2003,479.5,482.16,475.31,477.52,480,23.8
30/11/2003,479.02,482.17,475.87,476.52,0,22.13
01/12/2003,479.99,480.89,477.56,480.45,0,22.5
02/12/2003,481.21,481.44,475.25,476.56,0,21.96
03/12/2003,476.03,477.34,472.89,476.88,0,21.83
04/12/2003,472.93,473.81,470.46,471.47,0,21.78
07/12/2003,468.79,472.26,466.02,466.91,0,21.96
08/12/2003,463.91,464.99,460.02,461.63,0,21.97
09/12/2003,465.9,474.08,465.73,473.59,0,22.89
10/12/2003,471.39,473.94,467.21,469.2,0,21.5
11/12/2003,471.52,481.04,471.52,478.55,0,23.08
14/12/2003,483.42,496.21,483.11,494.9,0,23.63
15/12/2003,493.72,494.91,489.89,493.5,0,22.85
16/12/2003,486.13,495.02,484.32,493.84,0,22.92
17/12/2003,493.53,495.39,487.31,487.98,0,21.37
18/12/2003,486.7,492.93,486.53,489.85,0,22.12
21/12/2003,493.4,494.54,488.74,489.89,0,22.86
22/12/2003,489.17,489.86,487.27,487.86,0,22.59
23/12/2003,487.14,488.41,482.37,482.75,0,23.75
24/12/2003,483.35,487.61,481.07,486.16,0,22.21
25/12/2003,486.63,491.84,486.63,490.32,490,21.47
28/12/2003,492.3,500.37,492.3,499.35,0,21.2
29/12/2003,499.74,502.36,499.27,501.21,0,21.17
30/12/2003,500.6,502.03,497.31,501.17,0,21.31
31/12/2003,500.4,506.53,500.4,504.15,0,21.16
04/01/2004,511.34,513.37,509.04,512.02,0,21.03
05/01/2004,513.34,516.13,511.72,515.5,0,21.49
06/01/2004,518.17,518.26,513.1,514.32,0,21.18
07/01/2004,512.62,513.84,509.16,509.71,0,20.85
08/01/2004,510.25,515.39,506.44,513.72,0,21
11/01/2004,515.68,517.48,512,512.48,0,21.39
12/01/2004,512.76,513.26,509.17,509.87,0,21.4
13/01/2004,510.58,514.76,510.58,513.47,0,21.13
14/01/2004,512.71,518.05,510.37,516.79,0,19.91
15/01/2004,516.07,520.93,514.99,520.17,0,19.64
18/01/2004,527.52,530.19,526.76,527.49,0,18.88
19/01/2004,527.03,531.45,524.73,531.31,0,19.93
20/01/2004,531.46,532.95,529.54,530.49,0,22.01
21/01/2004,526.17,526.44,520.15,520.89,0,22.57
22/01/2004,517,520.73,506.49,519.4,0,23.4
25/01/2004,527.55,528.79,515.06,515.55,0,22.72
26/01/2004,516.07,519.79,510.43,517.16,0,21.36
27/01/2004,520.47,522.06,518.34,521.04,0,23.25
28/01/2004,518.76,519.88,513.89,515.8,0,22.44
29/01/2004,502.32,509.96,502.32,508.34,510,23.46
01/02/2004,509.13,512.38,500.43,501.74,0,22.25
02/02/2004,501.47,508.86,499.99,507.85,0,22.97
03/02/2004,507.02,510.65,504.03,505.82,0,23.06
04/02/2004,506.21,506.48,501.22,503.17,0,21.54
05/02/2004,501.87,512.08,500.08,510.76,0,21.07
08/02/2004,517.29,519.52,514.18,518.98,0,19.96
09/02/2004,518.52,524.84,517.97,523.35,0,19.81
10/02/2004,521.22,523.2,519.44,521.27,0,19.75
11/02/2004,524.07,527.34,523.22,524.52,0,19.57
12/02/2004,528.83,529.59,523.93,524.41,0,20
15/02/2004,522.91,527.12,521.83,526.27,0,18.69
16/02/2004,528.08,532.29,527.98,530.58,0,17.79
17/02/2004,532.93,535.1,531.73,534.34,0,17.86
18/02/2004,534.16,534.3,528.55,529.65,0,16.91
19/02/2004,529.58,534.63,528.98,533.53,0,19.25
22/02/2004,530,536.17,528.28,535.38,0,19.31
23/02/2004,536.57,537.21,533.49,534.45,0,19.95
24/02/2004,532.1,532.61,529.01,530.02,0,20.64
25/02/2004,530.77,533.09,528.49,529.35,0,24.5
26/02/2004,524.24,527.89,516.38,517.84,520,23.08
29/02/2004,521.02,523.2,519.34,520.39,0,21.79
01/03/2004,522.36,526.91,522.36,526.72,0,21.92
02/03/2004,530.11,530.67,525.92,526.4,0,22.05
03/03/2004,522.19,525.68,522.19,524.29,0,20.57
04/03/2004,524.59,530.24,524.34,529.54,0,21.95
08/03/2004,533.78,534.44,531.78,532.93,0,21.63
09/03/2004,531.03,532.27,529.24,530.92,0,21.45
10/03/2004,529.12,533.85,529.12,531.65,0,24.05
11/03/2004,527.84,527.99,522.83,525.72,0,23.01
14/03/2004,530.99,533.62,530.99,533.07,0,22.85
15/03/2004,532.13,534.11,530.32,533.72,0,23.88
16/03/2004,530.81,539.47,529.42,538.78,0,21.98
17/03/2004,538.72,541.55,537.22,540.49,0,22.01
18/03/2004,539.7,541.38,537.43,539.9,0,20.01
21/03/2004,539.13,543.8,537.09,542.85,0,20.05
22/03/2004,538.72,539.4,530.8,533.15,0,18.84
23/03/2004,532.52,535.57,529.47,533.22,0,20.4
24/03/2004,530.47,532.59,517.55,520.54,0,24.52
25/03/2004,515.45,522.96,514.9,516.81,520,23.01
28/03/2004,515.51,517.19,512.75,513.69,0,22.18
29/03/2004,516.33,522.43,515.97,522.23,0,21.46
30/03/2004,524.79,526.17,518.63,519.85,0,21.36
31/03/2004,522.55,525.47,520.2,522.75,0,21.07
01/04/2004,524.69,526.17,522.8,525.35,0,21.08
04/04/2004,533.28,538.67,533.02,536.67,0,20.81
07/04/2004,537.68,539.95,535.66,536.76,0,20.02
08/04/2004,538.36,540.26,537.8,539.57,0,22.41
13/04/2004,541.95,542.88,539.71,541.17,0,23.43
14/04/2004,536.85,536.85,531.14,531.53,0,23.34
15/04/2004,533.26,539.73,533.2,539.31,0,26.45
18/04/2004,538.64,540.18,535.41,539.33,0,25.09
19/04/2004,540.15,542.59,536.53,542.15,0,25.39
20/04/2004,545.58,547.22,541.88,543.19,0,25.14
21/04/2004,540.15,542.59,538.53,541.02,0,31.81
22/04/2004,542.82,544.52,540.01,540.84,0,16.86
25/04/2004,542.95,543.83,541.22,542.54,0,21.65
28/04/2004,542.55,543.71,534.2,536.32,0,24.59
29/04/2004,528.02,530.69,519.74,529.26,530,26.56
02/05/2004,519.91,528.6,519.28,527.2,0,25.94
03/05/2004,526.33,529.53,522,528.13,0,23.11
04/05/2004,529.42,537.4,529.1,536.7,0,21.81
05/05/2004,538.64,539.81,534.87,536.17,0,22
06/05/2004,536,536.27,533.01,534.09,0,20.75
09/05/2004,531.56,531.64,526.87,528.61,0,20.22
10/05/2004,521.71,522.25,517.22,518.3,0,21.31
11/05/2004,520.45,522.92,515.74,522.52,0,19.16
12/05/2004,524.67,525.33,518.64,520.06,0,18.63
13/05/2004,518.18,522.27,515.95,517.16,0,19.2
16/05/2004,516.02,519.84,514.92,519.15,0,17.57
17/05/2004,513.57,513.58,510.01,512.28,0,17.04
18/05/2004,516.26,517.73,513.96,514.74,0,17.22
19/05/2004,518.51,524.69,518.51,523.19,0,15.98
20/05/2004,520.28,523.88,520.23,522.1,0,15.43
23/05/2004,525.43,528.23,524.78,527.89,0,15.18
24/05/2004,528.15,531.79,527.36,531.56,0,15.32
27/05/2004,536.79,537.54,532.24,533.21,530,16.37
30/05/2004,530.87,531.12,528.15,529.44,0,15.71
31/05/2004,530.6,532.81,529.49,531.48,0,15.81
01/06/2004,533.19,535.11,530.6,533.72,0,15.9
02/06/2004,537.84,540.07,535.56,536.47,0,15.86
03/06/2004,535.4,538.2,533.75,537.1,0,16.57
06/06/2004,536.02,537.44,534.77,536.02,0,15.19
07/06/2004,540.74,542.33,540.3,541.56,0,15.42
08/06/2004,543.14,543.46,538.59,539.76,0,15.58
09/06/2004,540.73,541.61,537.5,538.47,0,14.62
10/06/2004,537.65,541.02,536.97,540.44,0,15.42
13/06/2004,541.56,541.65,538.32,538.93,0,15.13
14/06/2004,538.32,541.13,538.02,539.71,0,15.06
15/06/2004,539.48,540.13,537.31,539.87,0,14.54
16/06/2004,543.01,543.42,540.19,541.09,0,14.1
17/06/2004,542.57,543.25,539.87,542.65,0,14.81
20/06/2004,544.04,546.36,542.94,546.07,0,14.31
21/06/2004,548.89,552.44,548.34,551.27,0,14.01
22/06/2004,550.94,553.63,550.39,552.81,0,14.85
23/06/2004,553.98,558.77,552.86,553.75,0,14.29
24/06/2004,563.81,563.81,555.4,557.94,560,14.08
27/06/2004,557.63,560.42,557.35,558.58,0,13.59
28/06/2004,555.59,562.04,554.9,559.94,0,13.91
29/06/2004,557.49,558.06,554.91,555.81,0,13.79
30/06/2004,557.82,559.46,557.29,557.89,0,12.89
01/07/2004,558.25,563.31,558.25,561.9,0,13.07
04/07/2004,560.3,561.18,558.02,559.72,0,13.09
05/07/2004,560.46,565.23,560.22,564.93,0,13.38
06/07/2004,565.94,566.18,561.22,561.8,0,13.23
07/07/2004,559.88,563.38,559.19,560.34,0,13.29
08/07/2004,561.85,562.25,557.39,560.12,0,14.22
11/07/2004,557.35,559.54,555.44,555.99,0,14.43
12/07/2004,556.52,559.14,555.49,556.25,0,14.21
13/07/2004,555.62,557.25,551.94,556.04,0,14.34
14/07/2004,552.87,553.81,551.02,551.07,0,13.88
15/07/2004,552.97,554.15,550.79,553.17,0,14.28
18/07/2004,548.57,550.6,548.03,550.1,0,14.13
19/07/2004,551.73,553.94,551.57,552.18,0,14.1
20/07/2004,551.33,552.36,550.4,552.03,0,13.3
21/07/2004,555.3,556.5,554.23,554.83,0,13.85
22/07/2004,549.88,550.26,548.76,549.54,0,14.29
25/07/2004,544.71,546.87,543.08,546.45,0,14.64
26/07/2004,548.34,549.81,546.22,546.22,0,14.83
28/07/2004,547.88,548.66,540.88,541.78,0,14.09
29/07/2004,539.13,541.58,539.13,541.55,540,14.83
01/08/2004,543.34,544.37,534.5,536.02,0,14.58
02/08/2004,533.65,534,529.83,531.44,0,14.14
03/08/2004,535.68,536.26,528.13,528.37,0,14.23
04/08/2004,525.68,525.98,521.26,524.88,0,13.8
05/08/2004,527.62,531.09,524.07,529.45,0,14.27
08/08/2004,520.63,526.33,519.85,525.68,0,14.74
09/08/2004,526.75,527.27,522.35,525.77,0,14.74
10/08/2004,524.54,525.51,522.33,524.22,0,15.97
11/08/2004,525.11,525.89,515.61,516.48,0,16.08
12/08/2004,515.1,517.11,508.71,512.85,0,16.74
15/08/2004,512.82,514.37,510.53,511.73,0,18.69
16/08/2004,510.39,510.67,504.43,506.98,0,16.94
17/08/2004,508.64,514.85,502.73,514.33,0,20.6
18/08/2004,514.84,516.81,505.61,507.38,0,18.42
19/08/2004,511.42,514.95,509.55,512.9,0,17.81
22/08/2004,518.49,522.92,518.26,522.36,0,17.36
23/08/2004,521.39,523.72,519.25,522.2,0,16.31
24/08/2004,522.26,527.3,521.49,525.29,0,16.28
25/08/2004,524.5,525.18,520.45,522.11,0,15.34
26/08/2004,526.66,527.62,524.73,527.11,530,14.06
29/08/2004,529.55,531.77,528.25,531.17,0,14.11
30/08/2004,531.93,531.93,527,527.93,0,15.08
31/08/2004,526.9,527.43,519.21,521.3,0,15.48
01/09/2004,521.42,521.43,516.4,517.7,0,15.2
02/09/2004,518.24,520.87,516.86,519.15,0,14.95
05/09/2004,519.29,523.54,519.29,521.65,0,14.83
06/09/2004,522.43,523.55,520.23,522.73,0,13.81
07/09/2004,522.29,528.32,522.29,527.9,0,13.45
08/09/2004,529.27,530.12,526.31,528.81,0,14.53
09/09/2004,526.35,532.75,525.12,532.33,0,12.61
12/09/2004,533.28,535.91,533.24,535.1,0,12.4
13/09/2004,534.53,537.92,534.24,536.23,0,12.63
14/09/2004,534.7,538.36,534.7,537.03,0,13.65
19/09/2004,539.73,540.68,537.89,538.57,0,13.48
20/09/2004,537.83,539.09,536.35,537.54,0,13.02
23/09/2004,529.98,533.06,529.01,532.86,530,12.31
26/09/2004,535.57,538.66,534.76,538.14,0,12.93
27/09/2004,537.83,537.91,532.56,533.08,0,12.67
28/09/2004,531.44,533.52,530.04,531.22,0,11.81
03/10/2004,537.1,539.8,537.1,539.62,0,11.83
04/10/2004,542.78,543.71,541.76,542.29,0,12.05
05/10/2004,542.03,542.88,540.45,542.5,0,13.36
10/10/2004,535.91,538.27,535.51,537.92,0,13.47
11/10/2004,539.33,539.97,535.94,537.39,0,15.17
12/10/2004,534.7,535.13,527.05,527.9,0,14.98
13/10/2004,528.67,530.15,523.89,526.68,0,14.82
14/10/2004,524.54,527.01,522.58,524.7,0,15.11
17/10/2004,522.81,524.82,519.85,522.5,0,15.22
18/10/2004,521.84,523.15,517.71,522.71,0,14.33
19/10/2004,525.26,526.4,524.41,524.93,0,14.63
20/10/2004,521.67,524.49,520.94,523.23,0,14.49
21/10/2004,525.82,526.41,522.93,525.59,0,15.11
24/10/2004,523.15,526.27,522.58,524.28,0,15.26
25/10/2004,521.55,522.47,519.72,520.92,0,14.71
26/10/2004,521.42,529.06,521.42,528.41,0,15.6
27/10/2004,525.56,526.13,518.51,520.84,0,16.42
28/10/2004,522.3,525.38,516.52,519.33,520,15.15
31/10/2004,522.94,527.06,522.36,525.79,0,14.65
01/11/2004,525.23,529.47,523.96,528.9,0,15.03
02/11/2004,527.64,531.19,527.23,528.93,0,13.38
03/11/2004,533.05,537.16,533.05,536.46,0,13.77
04/11/2004,536.43,538.94,534.51,536.27,0,14.28
07/11/2004,542.2,542.42,536.08,536.75,0,14.65
08/11/2004,535.89,537.43,534.28,536.69,0,13.14
09/11/2004,539.34,542.6,538.8,542.47,0,13.27
10/11/2004,544.74,547.36,542.31,544.94,0,12.7
11/11/2004,546.14,553.76,543.47,553.22,0,14.69
14/11/2004,559.68,565.22,559.38,563.36,0,14.25
15/11/2004,564.15,565.75,561.79,564.47,0,14.73
16/11/2004,563.62,570.84,562.21,569.41,0,14.87
17/11/2004,568.01,571.84,566.69,571.07,0,14.8
18/11/2004,569.46,571.77,567.09,568.48,0,14.8
21/11/2004,563.97,564.84,557.16,557.95,0,15
22/11/2004,556.33,562.15,556.27,561.45,0,15
23/11/2004,565.89,569.87,565.16,568.6,0,15
24/11/2004,569.56,573.41,568.48,572.85,0,15
25/11/2004,574.94,574.94,569.5,571.04,570,15
28/11/2004,568.89,569.03,562.09,562.64,0,15
29/11/2004,562.22,568.47,562.22,566.41,0,15
30/11/2004,564.99,566.11,559.38,564.69,0,15
01/12/2004,562.36,569.06,562.36,567.28,0,14.54
02/12/2004,570.99,575.59,570.86,572.97,0,15
05/12/2004,578.35,588.86,578.35,587.59,0,15.19
06/12/2004,588.47,591.8,586.26,586.88,0,16.04
07/12/2004,588.88,595.94,588.88,593.98,0,16.4
08/12/2004,590.48,597.45,590.48,593.84,0,17.09
09/12/2004,594.58,598.59,587.66,589.55,0,17.45
12/12/2004,599,601.51,595.33,596.59,0,18.31
13/12/2004,595.85,603.11,593.87,602.67,0,16.99
14/12/2004,602.51,604.62,601.71,603.35,0,16.94
15/12/2004,603.9,605.1,599.47,603.32,0,16.62
16/12/2004,602.19,610.29,602.11,609.23,0,17.28
19/12/2004,610.72,613.24,605.64,606.07,0,17.46
20/12/2004,604.86,609.42,603.01,606.67,0,17.79
21/12/2004,605.72,606.49,596.81,597.31,0,17.15
22/12/2004,598.36,602.22,595.24,600.74,0,17.01
23/12/2004,603.61,606.23,601.14,602.11,0,17.89
26/12/2004,602.51,604.75,599.08,604.03,0,20.84
27/12/2004,604.53,615.89,604.36,615.5,0,17.9
28/12/2004,616.02,619.1,610.52,612.12,0,17.62
29/12/2004,615.54,616.08,607.18,611.63,0,17.77
30/12/2004,610.74,618.78,609.97,617.94,620,17.21
02/01/2005,616.14,624.07,615.84,623.12,0,17.16
03/01/2005,622.69,627.47,617.34,619.66,0,17.17
04/01/2005,614.59,617.99,612.94,617.44,0,18.04
05/01/2005,610.05,610.91,605.91,607.44,0,17.04
06/01/2005,611.8,618.73,610.9,617.88,0,18.26
09/01/2005,621.6,624.57,612.52,622.97,0,17.25
10/01/2005,628.97,631.03,626.11,628.14,0,17.87
11/01/2005,629.59,630.7,622.92,624.26,0,18.06
12/01/2005,625.2,629.09,622.07,625.47,0,17.47
13/01/2005,625.15,626.64,621.03,622.51,0,15.75
16/01/2005,616.62,616.62,612.17,613.73,0,15.75
17/01/2005,615.51,620.04,613.67,618.56,0,15.75
18/01/2005,620.65,622.16,615.15,620.2,0,15.75
19/01/2005,621.65,625.86,620.88,623.95,0,15.75
20/01/2005,622.81,624.21,620.92,623.04,0,15.75
23/01/2005,623.99,628.73,622.23,628.11,0,15.75
24/01/2005,629.32,634.96,628.04,634.18,0,15.75
25/01/2005,630.95,635.18,628.55,630.6,0,15.75
26/01/2005,631.2,632.58,627.43,630.35,0,15.53
27/01/2005,624.53,626.28,618.59,620.66,620,14.95
30/01/2005,627.54,635.62,626.95,634.84,0,15.02
31/01/2005,635.75,638.32,633.22,635.3,0,15.25
01/02/2005,634.9,636.05,632.84,635.32,0,14.69
02/02/2005,635.72,641,633.11,639.01,0,14.75
03/02/2005,643.63,651.61,642.87,648.82,0,15.6
06/02/2005,654.79,656.2,646.24,650.13,0,15.93
07/02/2005,650.28,653.32,643.91,644.31,0,15.55
08/02/2005,646.19,648.56,643.27,645.61,0,15.33
09/02/2005,644.75,644.8,638.4,640.38,0,15.06
10/02/2005,635,641.67,633.98,640.61,0,14.78
13/02/2005,645.59,649.66,644.14,649.04,0,14.39
14/02/2005,649.69,653.9,648.82,649.34,0,14.7
15/02/2005,650.85,651.33,646.52,647.84,0,14.78
16/02/2005,649.16,650.33,638.37,647.47,0,14.01
17/02/2005,646.66,648.76,644.28,646.41,0,15.43
20/02/2005,643.45,643.45,636.83,637.47,0,14.53
21/02/2005,637.35,641.89,637,639.41,0,14.25
22/02/2005,638.16,639,628.26,630.12,0,14.11
23/02/2005,628.59,630.55,626.54,629.39,0,13.75
24/02/2005,630.87,635.68,626.81,634.97,630,13.98
27/02/2005,638.24,639.59,635.15,637.8,0,13.49
28/02/2005,639.57,647.52,639.57,646.47,0,13.42
01/03/2005,645.82,653.78,642.66,653.06,0,13.86
02/03/2005,654.28,654.34,647.42,648.42,0,13.5
03/03/2005,647.61,655.04,647.3,654.42,0,14.14
06/03/2005,655.95,658.08,646.9,653.44,0,13.94
07/03/2005,653.79,660.89,650.38,660.48,0,14.01
08/03/2005,661.91,664.53,657.36,659.1,0,13.95
09/03/2005,658.12,658.65,653.39,655.5,0,13.31
10/03/2005,654.63,658.55,652.26,658.53,0,13.44
13/03/2005,658.18,659.95,655.75,659.05,0,13.59
14/03/2005,657.63,661.51,657.58,660.19,0,13.51
15/03/2005,659.61,660.76,657.74,659.73,0,13.8
16/03/2005,656.64,657.35,648.02,648.77,0,15.1
17/03/2005,649.59,652.87,645.71,649.94,0,12.71
20/03/2005,647.63,648.57,644.29,648.28,0,14.61
21/03/2005,648.2,653.59,648.11,652.6,0,14.77
22/03/2005,653.93,654.05,649.01,652.8,0,14.71
23/03/2005,648.97,649.36,640.63,642.37,0,13.74
24/03/2005,641.42,642.16,635.89,639.84,640,13.52
27/03/2005,648.93,651.42,645.01,646.47,0,13.5
28/03/2005,647.94,649.95,645.66,646.93,0,13.22
29/03/2005,644.59,646.72,642.39,646.34,0,13.4
30/03/2005,643.86,644.9,637.92,639.88,0,13.3
31/03/2005,644.1,646.56,641.58,642.55,0,13.35
03/04/2005,637.51,638.37,634.93,636.36,0,12.54
04/04/2005,635.13,636.9,630.2,635.62,0,12.99
05/04/2005,638.14,641.4,635.87,641.02,0,12.22
06/04/2005,643.49,646.33,642.85,645,0,12.84
07/04/2005,643.97,650.96,642.87,650.22,0,12.26
10/04/2005,647.66,656.59,647.09,655.92,0,12.39
11/04/2005,655.1,661.08,655.1,656.76,0,12.51
12/04/2005,654.7,656.24,652.55,655.15,0,11.77
13/04/2005,658.39,661.85,654.53,656.48,0,11.69
14/04/2005,652.22,659.07,651.56,656.88,0,13.73
17/04/2005,647.9,655.86,647.23,653.91,0,14.53
18/04/2005,651.02,654.17,646.51,652.39,0,13.36
19/04/2005,654.33,657.34,652.55,653.78,0,13.03
20/04/2005,654.66,656.02,650.74,651.49,0,12.43
21/04/2005,648.39,654.67,648.03,653.73,0,13.85
25/04/2005,654.31,655.71,652.76,652.78,0,14.64
26/04/2005,653.3,655,649.01,651.1,0,14.14
27/04/2005,648.62,650.02,647.79,648.93,0,12.89
28/04/2005,654.51,657.54,652.24,657.19,660,13.66
01/05/2005,664.01,667.89,663.26,667.15,0,13.14
02/05/2005,669.46,671.72,667.29,668.62,0,13.01
03/05/2005,667.67,669.59,665.01,667.13,0,12.73
04/05/2005,669.28,672.23,668.35,671.44,0,12.36
05/05/2005,676.11,676.14,671.43,672.69,0,11.76
08/05/2005,673.27,673.7,668.88,669.35,0,11.8
09/05/2005,671.57,676.57,669.91,675.04,0,11.66
10/05/2005,679.23,679.92,674.78,675.72,0,12.07
15/05/2005,676.26,678.41,675.67,677.01,0,12.07
16/05/2005,676.27,677.75,674.31,676.96,0,11.68
17/05/2005,677.69,679.76,677.69,679.3,0,11.76
18/05/2005,678.56,678.74,671.63,674.38,0,11.27
19/05/2005,673.85,676.64,672.83,673.93,0,11.39
22/05/2005,670.87,671.31,667.49,667.9,0,12.6
23/05/2005,665.92,667.58,661.67,662.27,0,12.23
24/05/2005,665.02,666.68,663.06,666.22,0,11.37
25/05/2005,667.95,673.69,667.19,672.65,0,11.51
26/05/2005,681.46,681.46,676.81,680.55,680,11.6
29/05/2005,679.49,679.49,672.86,676.69,0,11.51
30/05/2005,674.01,682.32,673.85,681.67,0,11.52
31/05/2005,682.44,684.8,677.24,679.97,0,11.57
01/06/2005,677.33,681.7,676.07,679.46,0,11.21
02/06/2005,681.95,684.7,681.27,683.31,0,11.86
05/06/2005,680.69,680.69,677.22,678.97,0,11.19
06/06/2005,679.3,686.29,678.86,685.88,0,10.72
07/06/2005,687.4,688.22,685.32,687.63,0,12.5
08/06/2005,686.24,690.73,684.56,690.11,0,10.96
09/06/2005,688.75,690.86,684.45,684.92,0,12.11
14/06/2005,684.05,686.65,679.69,681.26,0,12.11
15/06/2005,680.7,680.96,670.5,675.34,0,12.39
16/06/2005,673.47,675.58,669.24,673.13,0,13.41
19/06/2005,671.8,672.59,664.56,665.68,0,14.4
20/06/2005,662.93,663.95,651.65,657.63,0,13.45
21/06/2005,657.31,664.8,653.79,663.91,0,17.41
22/06/2005,665.79,667.03,658.19,660.25,0,14.42
23/06/2005,655.12,658.14,647.21,649.9,640,16.48
26/06/2005,643.2,643.22,634.02,634.97,0,15.72
27/06/2005,636.73,640.47,631.53,637.4,0,15.26
28/06/2005,638.28,640.83,633.74,638.39,0,14.72
29/06/2005,642.55,644.62,638.8,642.72,0,14.98
30/06/2005,644.63,645,633.41,639.18,0,14.96
03/07/2005,634.26,642.02,631.73,641.35,0,14.44
04/07/2005,642.12,646.78,641.97,645.85,0,15.74
05/07/2005,644.55,645.43,635.35,636.35,0,15.3
06/07/2005,639.65,641.49,633.74,640.31,0,15.27
07/07/2005,636.34,636.6,627.84,634.78,0,14.67
10/07/2005,645.89,647.24,641.93,644.19,0,14.19
11/07/2005,645.2,655.63,644.27,653.63,0,14.19
12/07/2005,655.13,658.79,650.78,655.54,0,13.61
13/07/2005,653,660.36,652.77,658.78,0,17.07
14/07/2005,658.86,666.22,657.19,665.79,0,16.21
17/07/2005,663.09,663.09,652.95,653.69,0,16.43
18/07/2005,656.63,661.17,653.55,656.63,0,16.72
19/07/2005,656.89,664.54,656.89,664.54,0,16.38
20/07/2005,669.72,675.68,669.58,674.68,0,16.69
21/07/2005,680.08,682.06,674.48,680.21,0,17.06
24/07/2005,682.48,685.81,677.23,685.02,0,16.82
25/07/2005,685.6,686.32,679.07,685.27,0,16.63
26/07/2005,681.4,689.29,679.37,686.05,0,16.57
27/07/2005,686.33,693.41,686.28,692.81,0,17.07
28/07/2005,697,697,686.47,687.3,690,16.85
31/07/2005,681.46,683.74,678.06,678.81,0,16.61
01/08/2005,679.66,685.22,679.13,682.74,0,17.89
02/08/2005,688.1,704.2,688.1,704.04,0,18.02
03/08/2005,704.81,710.02,702.12,704.99,0,17.54
04/08/2005,704.69,705.48,699.32,702.8,0,27.44
07/08/2005,701.41,701.46,663.88,666.01,0,21.35
08/08/2005,679.74,687.29,668.88,685.99,0,21.35
09/08/2005,683.59,684.66,678.14,683.16,0,21.02
10/08/2005,685.04,692.11,684.82,688.9,0,20.98
11/08/2005,686.46,687.28,682.89,686.7,0,22.54
15/08/2005,684.33,702.67,680.77,701.67,0,21.09
16/08/2005,703.88,708.05,697.43,701.19,0,20.65
17/08/2005,705.17,715.17,704.93,713.28,0,17.97
18/08/2005,716.57,721.04,711.87,720.6,0,19.11
21/08/2005,722.36,729.33,721.29,721.55,0,18.45
22/08/2005,720,722.98,717.57,719.38,0,18.32
23/08/2005,720.76,725.84,711.12,712.03,0,18.46
24/08/2005,711.12,711.82,701.71,703.72,0,18.46
25/08/2005,706.66,708.17,697.54,701.53,710,16.14
28/08/2005,698.37,701.38,693.75,700.86,0,16.34
29/08/2005,699.04,705.92,698.25,704.12,0,16.41
30/08/2005,709.07,712.54,706.53,711.98,0,16.98
31/08/2005,712.85,714.21,706.96,709.05,0,17.2
01/09/2005,712.75,721.51,711.79,720.69,0,16.56
04/09/2005,722.48,729.19,722.34,723.61,0,16.12
05/09/2005,726.2,730.06,721.36,729.4,0,15.54
06/09/2005,727.89,734.43,724.3,728.04,0,16
07/09/2005,728.43,729.46,723.53,725.23,0,14.86
08/09/2005,727.5,728.08,720.67,724.99,0,14.6
11/09/2005,729.65,736.21,727.9,735.65,0,15.28
12/09/2005,736.52,740.27,734.59,736.52,0,15.81
13/09/2005,736.93,737.44,730.44,732.64,0,14.77
14/09/2005,732.44,740.39,732.44,739.85,0,15.26
15/09/2005,739.29,742.98,736.57,737.84,0,16.28
18/09/2005,740.73,741,735.43,739.26,0,18.63
19/09/2005,739.74,742.36,726.37,732.22,0,18.07
20/09/2005,730.62,736.43,725.66,734.37,0,16.18
21/09/2005,733.79,736.26,726.55,728.84,0,15.99
22/09/2005,722.89,725.96,718.35,720.32,0,14.92
25/09/2005,714.53,714.67,708.86,712.26,0,14.98
26/09/2005,714.28,725.32,714.28,722.34,0,15.41
27/09/2005,731.93,739.34,731.59,735.69,0,15.73
28/09/2005,740.78,746.86,738.66,744.95,0,15.02
29/09/2005,760.46,760.46,749.59,752.69,750,14.73
02/10/2005,755.05,760.06,748.89,759.36,0,16.46
06/10/2005,755.97,758.24,752.46,756.09,0,18.04
09/10/2005,759.09,761.92,757.07,759.75,0,16.36
10/10/2005,761.91,767.49,760.74,764.71,0,16.56
11/10/2005,767.65,768.11,761.06,763.88,0,16.72
16/10/2005,758.27,758.27,745.94,746.32,0,16.7
19/10/2005,735.04,737.49,732.05,733.82,0,17.18
20/10/2005,748.62,753.81,746.06,751.8,0,17.02
23/10/2005,757.89,766.86,757.89,766.23,0,17.55
26/10/2005,772.61,774.18,754.59,760.01,0,17.51
27/10/2005,753.08,754.44,748.66,751.69,750,17
30/10/2005,751.95,760.07,747.38,756.21,0,17.27
31/10/2005,757.23,766.52,757.23,763.33,0,18
01/11/2005,767.05,767.05,758.65,759.35,0,17.72
02/11/2005,757.31,760.21,753.09,759.15,0,16.7
03/11/2005,761.96,766.4,759.36,765.01,0,17.16
06/11/2005,765.83,769.42,760.16,760.62,0,18.39
07/11/2005,759.64,764.99,756.85,762.38,0,18.7
08/11/2005,760,764.41,758.46,758.91,0,18.91
09/11/2005,761.83,771,761.83,770.46,0,19.08
10/11/2005,758.52,767.1,756.3,763.58,0,17.75
13/11/2005,765.94,765.94,746.74,748.22,0,17.91
14/11/2005,746.74,755.52,746.18,754.72,0,18.56
15/11/2005,765.03,765.88,747.11,748.24,0,17.48
16/11/2005,748.15,753.07,739.82,745.42,0,15.4
17/11/2005,750.51,759.9,749.03,758.97,0,14.15
20/11/2005,755.98,763.62,752.63,762.96,0,14.47
21/11/2005,756.75,760.9,751.8,752.3,0,14.19
22/11/2005,757.26,758.85,749.61,753.18,0,14.07
23/11/2005,760.13,768.95,759.94,766.77,0,14.15
24/11/2005,765.31,770.78,765.31,767.25,770,14.02
27/11/2005,772.96,780.11,770.59,779.92,0,14.3
28/11/2005,780.19,784.48,775.2,777.72,0,14.06
29/11/2005,777.35,786.63,775.89,785.06,0,14.31
30/11/2005,783.12,788.11,781.06,784.68,0,14.34
01/12/2005,786.28,788.37,778.44,785.05,0,14.36
04/12/2005,790.13,793.02,787.68,789.89,0,14.21
05/12/2005,788.24,791.8,785.45,791.21,0,14.19
06/12/2005,790.13,794.5,788.59,791.72,0,14.48
07/12/2005,791.76,792.59,788.83,789.72,0,14.6
08/12/2005,789.37,792.23,787.99,791.87,0,14.14
11/12/2005,792.41,800.34,790.34,798.39,0,14.6
12/12/2005,799.95,806.94,798.76,806.75,0,16.44
13/12/2005,804.73,813.35,804.09,808.9,0,15.01
14/12/2005,810.42,812.77,806.59,808.68,0,14.19
15/12/2005,809.06,812.82,808.4,812.11,0,13.95
18/12/2005,810.47,814.67,808.91,813.82,0,14.81
19/12/2005,809.89,812.94,804.8,805.9,0,15.16
20/12/2005,804.24,817.34,801.62,816.65,0,14.88
21/12/2005,819.21,826.16,818.41,824.38,0,15.54
22/12/2005,825.01,827.1,821.05,826.8,0,15.57
25/12/2005,825.35,834.16,823.24,830.45,0,16.7
26/12/2005,833.21,834.72,825.82,827.35,0,16.23
27/12/2005,826.4,831.43,824.9,827.97,0,16.18
28/12/2005,823.09,825.87,812.94,816.78,0,17.6
29/12/2005,823.74,825.96,819.08,823.42,820,21
01/01/2006,820.96,827.25,817.92,826.04,0,19.2
02/01/2006,827.63,842.03,826.82,841.21,0,19.66
03/01/2006,846.24,854.51,842.8,843.96,0,20.59
04/01/2006,845.69,853.53,843.68,849.25,0,19.86
05/01/2006,803.47,816.58,797.06,816.09,0,19.31
08/01/2006,828.84,834.21,825.13,833.19,0,19.34
09/01/2006,835.82,839.41,817.05,822.32,0,17.42
10/01/2006,817.17,824.76,813.86,814.65,0,18.62
11/01/2006,825.07,827.01,820.31,824.64,0,19.32
12/01/2006,821.74,826.5,820.54,825.69,0,18
15/01/2006,822.86,831.01,822.73,830.71,0,19.94
16/01/2006,833.06,843.09,831.67,839.39,0,18.56
17/01/2006,839.24,842.39,833.61,834.97,0,17.19
18/01/2006,829.95,830.86,826.69,829.86,0,15.88
19/01/2006,837.22,840.3,836.21,838.47,0,15.94
22/01/2006,830.7,837.31,829.94,836.82,0,17.66
23/01/2006,838.63,841.18,834.24,835.64,0,17.72
24/01/2006,839.06,840.51,835.18,838.26,0,18.59
25/01/2006,842.27,853.29,841.28,852.33,0,18.04
26/01/2006,850.45,853.49,839.68,846.78,850,17.92
29/01/2006,843.95,848.06,837.41,838.13,0,18.81
30/01/2006,837.35,838.23,827.2,832.81,0,18.47
31/01/2006,838.55,842.27,821.41,823.57,0,18.41
01/02/2006,827.49,830.03,820.92,827.52,0,18.33
02/02/2006,829.95,834.23,825.55,827.54,0,18.25
05/02/2006,819.91,822.48,815.8,817.64,0,18.23
06/02/2006,820.8,822.23,808.93,813.39,0,17.4
07/02/2006,806.56,808,797.65,806.94,0,17.05
08/02/2006,803.25,811.83,797.9,807.37,0,17.08
09/02/2006,813.08,815.05,808.62,809.7,0,16.4
12/02/2006,806.4,815.85,805.72,810.73,0,15.94
13/02/2006,810.23,814,806.54,808.61,0,16.02
14/02/2006,805.49,806.34,796.09,798.3,0,16.33
15/02/2006,799.93,801.34,793.74,799.75,0,16.74
16/02/2006,804.7,806.81,793.16,794.65,0,16.29
19/02/2006,789.94,790.72,783.51,785.78,0,20
20/02/2006,786.69,795.73,783.08,794.75,0,20
21/02/2006,798.82,802.45,790.43,791.67,0,20
22/02/2006,790.04,793.15,784.79,791.03,0,20
23/02/2006,789.29,793.23,784.6,785.68,790,20
